Address,Title 1,Meta Description 1
https://www.jcchouinard.com/,"Jean-Christophe Chouinard - Python, SEO, Machine Learning and Web Development","Jean-Christophe Chouinard is an SEO/SEM Expert in Quebec City giving technical SEO tutorials. Specialized in technical SEO. Jcchouinard.com is a blog about programmatic SEO for large organizations through the use of Python, R and machine learning."
https://www.jcchouinard.com/python-common-exceptions/,How to Debug Most Common Errors and Exceptions in Python (with Examples) - JC Chouinard,"When getting started with Python, you will likely face exceptions. Exceptions in Python refers to the problems in your code. When facing an exception in Learn Python Programming by JC Chouinard"
https://www.jcchouinard.com/scikit-learn-gridsearchcv-in-python/,How to Use Sklearn GridSearchCV (with Python Example) - JC Chouinard,"GridSearchCV is a hyperparameter tuning technique used in machine learning to perform model optimization. More specifically, it is a class from the Learn sklearn by JC Chouinard"
https://www.jcchouinard.com/wget/,How to use Wget Command: Install and Examples (Mac & Windows),"WGET is a free tool to crawl websites and download files via the command line. In this wget tutorial, we will learn how to install and how to use wget Learn web scraping by JC Chouinard"
https://www.jcchouinard.com/python-seo-experiments-create-test-and-control-groups/,SEO Experiments-Create Test and Control Groups (with Python) - JC Chouinard,"In this tutorial, you will see an example of the kind of logic that you can use to create comparable control and test group splits for SEO experiments. Learn Non classé by JC Chouinard"
https://www.jcchouinard.com/google-url-removal-request-automation-bookmarklet/,Automate Google Search Console URL Removal Tool (Free Bookmarklet) - JC Chouinard,"Sometimes you are desperate to remove URLs from Google, and none of the options or quick enough... Let's say you already have 404ed the pages, added the Learn Non classé by JC Chouinard"
https://www.jcchouinard.com/seo-linkedin-google-blacklisted-terms/,Impact of Swearwords on SEO and Social Media Reach (Case Study) - JC Chouinard,Blacklisted swearwords in your article will block you from being indexed in Google. It will also prevent you from reaching users on Linkedin. I wrote an Learn Non classé by JC Chouinard
https://www.jcchouinard.com/pca-plot-visualization-python/,The 6 Best PCA Plots & Visualizations with Python (Scikit-Learn Example) - JC Chouinard,"As part of the series of tutorials on PCA with Python and Scikit-learn, we will learn various data visualization techniques that can be used with Learn Machine Learning by JC Chouinard"
https://www.jcchouinard.com/wget-install-windows/,Install Wget on Windows (Video) - JC Chouinard,"Yes, there is a Windows version of Wget. You can install the wget command on Windows following this quick video example. Download and Install Wget on Learn web scraping by JC Chouinard"
https://www.jcchouinard.com/machine-learning-curse-of-dimensionality/,What is the Curse of Dimensionality in Machine Learning (with Example) - JC Chouinard,The curse of dimensionality refers the the various challenges of making meaningful machine learning generalizations from data containing large number of Learn Machine Learning by JC Chouinard
https://www.jcchouinard.com/about-jcchouinard/,Jean-Christophe Chouinard - JC Chouinard,
https://www.jcchouinard.com/wget-install-mac/,Install Wget on Mac (Video) - JC Chouinard,"In this tutorial, you will learn how to install the wget command on Mac OS, with a video example. Brew Install Wget on MacOS How to Install Wget on MacOS Learn web scraping by JC Chouinard"
https://www.jcchouinard.com/confusion-matrix-in-scikit-learn/,Confusion Matrix in Python (Scikit-learn) VIDEO tutorial - JC Chouinard,The confusion matrix is often used in machine learning to compute the accuracy of a classification algorithm. It can be used in binary classifications as Learn Machine Learning by JC Chouinard
https://www.jcchouinard.com/web-scraping-with-playwright-and-node-js/,Web Scraping with Playwright and Node.js (with Examples) - JC Chouinard,"Welcome to this simple tutorial on how to use Playwright and Node.js for web scraping. In this tutorial, we are going to focus on how Playwright can be Learn web scraping by JC Chouinard"
https://www.jcchouinard.com/google-analytics-api-using-python/,Ga4 API with Python (Google Analytics Data API Example) - JC Chouinard,This is the best place to learn how to set up Google Analytics Reporting API with Python. Learn Analytics by JC Chouinard
https://www.jcchouinard.com/chat-gpt-api-appscript/,ChatGPT API to Google Sheets with Google Apps Script - JC Chouinard,"In this tutorial, we will learn how to connect the ChatGPT API to Google Sheets using Apps Script, allowing you to create your own free version of GPT for Learn Python by JC Chouinard"
https://www.jcchouinard.com/python-commoncrawl-extraction/,CommonCrawl with Python - Get All Pages from a Domain - JC Chouinard,"In this tutorial, you will learn how to extract all pages from a specific website from Commoncrawl with Python. You will find the full code on my Github Learn Python by JC Chouinard"
https://www.jcchouinard.com/linear-feature-extraction-in-machine-learning/,Linear Feature Extraction Techniques (in Machine Learning) - JC Chouinard,Feature extraction is used in dimensionality reduction to transform the data from a high-dimensional space to one with fewer dimensions. Linear feature Learn Non classé by JC Chouinard
https://www.jcchouinard.com/api/,What is an Application Programming Interface (How to use APIs) - Tutorial with Examples - JC Chouinard,"An API, or Application Programming Interface, is a way of communication between various software components. It is a method in which Learn API by JC Chouinard"
https://www.jcchouinard.com/python-automation-using-task-scheduler/,How to Automate Python Scripts with Task Scheduler (Windows example) - JC Chouinard,Automate SEO Tasks using Python and Windows task scheduler Learn Automation by JC Chouinard
https://www.jcchouinard.com/slides-seoirl/,SEO IRL 2025 Slides - From SERPs to AI Search (by JC Chouinard) - JC Chouinard,"What's up friends from SEOIRL 2025, here's an AI generated summary we don't care about for you all: this presentation takes you from SEO foundations, with Learn by JC Chouinard"
https://www.jcchouinard.com/google-colab-with-python/,How to Use Google Colab for Python (With Examples) - JC Chouinard,Google Colab is a free Jupyter notebook that allows to run Python in the browser without the need for complex configuration. It comes with Python Learn Python Programming by JC Chouinard
https://www.jcchouinard.com/create-python-script-from-terminal/,How to Create and Run a Python Script with Terminal (Command Line Example) - JC Chouinard,Read this post if you want to learn how to create Python files from terminal. A Python file (or script) is a file written in the Python Programming Learn Python by JC Chouinard
https://www.jcchouinard.com/wget-install/,"3 Different Ways I have Installed Wget (MacOS, Windows and Linux) - JC Chouinard","In this tutorial, we will learn how to install Wget on MacOS, Windows and Linux. How to Install Wget on Linux To install Wget on Linux Ubuntu/Debian use Learn web scraping by JC Chouinard"
https://www.jcchouinard.com/install-python-on-macos/,3 Ways to Install Python on MacOS (with VIDEO) - JC Chouinard,"In this tutorial, I will demonstrate how to install python3 on MacOS. MacOS comes with Python 2 preinstalled, but you will want to install Python 3 to Learn Non classé by JC Chouinard"
https://www.jcchouinard.com/pca-loadings/,What are PCA Loadings (with Python Example) - JC Chouinard,"In Principal Component Analysis (PCA), loadings represent the contribution of each original variable to the principal component. PCA loadings are used to Learn PCA by JC Chouinard"
https://www.jcchouinard.com/linkedin-api/,LinkedIn API with Python (Complete Guide) - JC Chouinard,"Welcome to this complete guide on using the LinkedIn API with Python. In this guide, you will learn how to get your credentials, authenticate the API Learn Python by JC Chouinard"
https://www.jcchouinard.com/github-enable-2fa/,How to Enable 2FA on your Github Account (Two-Factor Authentication) - JC Chouinard,"In early 2024, Github will require its users to configure two-factor authentication (2FA) on its platform. Depending on your account, the due date may Learn Learn Git by JC Chouinard"
https://www.jcchouinard.com/install-mysql-and-phpmyadmin-with-xampp/,Install MySQL and PHPMyAdmin With XAMPP - JC Chouinard,This guide will show you how to install MySQL and PHPMyAdmin With XAMPP. What is Xampp? Xampp is a useful Apache distribution installer that will let you Learn SQL by JC Chouinard
https://www.jcchouinard.com/reddit-api/,Reddit API with Python (Complete Guide) - UPDATED 2024,What is the Reddit API? Learn how to use the Reddit API using Python. Learn how to post to a subreddit and more.
https://www.jcchouinard.com/create-your-first-github-project-in-vscode/,How to Commit and Push Code to Github Repository (VS Code Example) - JC Chouinard,"Visual Studio Code (VSCode) is a code editor that helps you to develop, run and debug code with built-in syntax highlighting, code completion and commit Learn git with vscode by JC Chouinard"
https://www.jcchouinard.com/python-automation-with-cron-on-mac/,How to Run Python Scripts using CRON jobs (Mac Crontab) - JC Chouinard,"The simplest way to do automation with Python is by using crontab (cron) on Mac or Task Scheduler on Windows. In this guide, you will learn how to use Learn Automation by JC Chouinard"
https://www.jcchouinard.com/chatgpt-query-fanout-analyzer/,ChatGPT Query Fanout Analyzer (Bookmarklet) - JC Chouinard,"This Bookmarklet will help you parse the conversations data from your ChatGPT prompts including the fan-out queries, which URLs rank and what entities are Learn Non classé by JC Chouinard"
https://www.jcchouinard.com/data-science-statistics-outliers/,How to Find Outliers (Python Example) - JC Chouinard,"Outliers can have a big impact on the measures of variability and should be understood, and dealt with accordingly, by statistician and data scientists. Learn statistics by JC Chouinard"
https://www.jcchouinard.com/data-science-statistics-summary/,Introduction to Summary Statistics for Data Science - JC Chouinard,"In this guide, we will introduce summary statistics for data science, by providing Python examples to illustrate how to apply this concept. What Are Learn statistics by JC Chouinard"
https://www.jcchouinard.com/learn-git-and-github/,Learn Git and Github (Complete Guide) - JC Chouinard,Web developers need to learn Git and Github. That is a no brainer. There are also good reasons for others working in the web to start learning how to use Learn Web dev by JC Chouinard
https://www.jcchouinard.com/python-virtual-environment-venv/,Create a Python Virtual Environment With Venv - JC Chouinard,"To create a Python virtual environment with venv, use the following commands. $ python3 -m venv venv This command creates a virtual environment. Note that Learn Python by JC Chouinard"
https://www.jcchouinard.com/page/3/,"Jean-Christophe Chouinard - Page 3 of 6 - Python, SEO, Machine Learning and Web Development","Jean-Christophe Chouinard is an SEO/SEM Expert in Quebec City giving technical SEO tutorials. Specialized in technical SEO. Jcchouinard.com is a blog about programmatic SEO for large organizations through the use of Python, R and machine learning."
https://www.jcchouinard.com/seo-jokes/,SEO Jokes to Get Us Through Core Updates - JC Chouinard,"While Google is busy dealing with unplanned obsolescence, SEOs are forced to retire and move to the next lesser profitable content creation industry: Learn Non classé by JC Chouinard"
https://www.jcchouinard.com/github-vscode-2fa-personal-access-token/,How to Connect VS Code to Github with 2FA and Personal Access Token (with Example) - JC Chouinard,"If you have set up Github with two-factor authentication (2FA), you may want to connect Visual Studio Code (VS Code). To configure VS Code to be Learn Git and Github by JC Chouinard"
https://www.jcchouinard.com/machine-learning-vs-ai-deep-learning/,"Difference Between Artificial Intelligence (AI), Machine Learning and Deep Learning - JC Chouinard","The main difference between artificial intelligence (AI), machine learning and deep learning is one of hierarchy. Deep learning is a subset of Machine Learn Machine Learning by JC Chouinard"
https://www.jcchouinard.com/python-if-name-equals-main/,if __name__ == '__main__': (in Python) - JC Chouinard,When you start working with other people's code you will run into the if __name__ == '__main__' statement at the end of the Python code. What does it Learn Python by JC Chouinard
https://www.jcchouinard.com/google-doj-trial-documents/,Interesting Documents for SEO from the DOJ Trial (USA v Google) - JC Chouinard,"The most interesting document from the DOJ trial for SEO professionals is the Testimonial of Pandu Nayak and the rebuttal of Professor Douglas W. Oard, Learn How Google Works by JC Chouinard"
https://www.jcchouinard.com/clone-github-repository-on-windows/,Clone a Github Repository (Git Clone Windows),You have created a repository on Github and want to create a local copy on your computer? We will use the git clone command in git to download a git Learn Learn Git by JC Chouinard
https://www.jcchouinard.com/non-linear-feature-extraction-in-machine-learning/,Non-linear feature extraction techniques (in Machine Learning) - JC Chouinard,Feature extraction is used in dimensionality reduction to transform the data from a high-dimensional space to one with fewer dimensions. Non-linear Learn Non classé by JC Chouinard
https://www.jcchouinard.com/web-scraping-linkedin-jobs/,Scrape Linkedin Jobs with Python (Example) - JC Chouinard,"LinkedIn has a ton of data to offer. However, to have this data, you must either extract it manually or scrape it. Doing manually is good, but it is prone Learn web scraping by JC Chouinard"
https://www.jcchouinard.com/machine-learning/,Machine Learning (ML) - Complete Guide - JC Chouinard,"This introduction to machine learning tutorial will give you the theory and the tools to help you learn what is machine learning, machine learning What is Learn Machine Learning by JC Chouinard"
https://www.jcchouinard.com/install-git-in-vscode/,Install Git and Github in VSCode (Visual Studio Code),The first step to being able to use Github with VSCode is to set-up Git on your computer and enable in it VSCode. This post will show you easy steps to Learn git with vscode by JC Chouinard
https://www.jcchouinard.com/page/6/,"Jean-Christophe Chouinard - Page 6 of 6 - Python, SEO, Machine Learning and Web Development","Jean-Christophe Chouinard is an SEO/SEM Expert in Quebec City giving technical SEO tutorials. Specialized in technical SEO. Jcchouinard.com is a blog about programmatic SEO for large organizations through the use of Python, R and machine learning."
https://www.jcchouinard.com/how-to-run-python-code/,"3 Ways how to Run Python Code (Terminal, Shell, IDEs and Notebooks) with Example - JC Chouinard","In this beginner Python tutorial, you will learn about the 3 ways that you can use to run Python. Along the way, you will learn about: How to Use Python Learn Python Programming by JC Chouinard"
https://www.jcchouinard.com/page/2/,"Jean-Christophe Chouinard - Page 2 of 6 - Python, SEO, Machine Learning and Web Development","Jean-Christophe Chouinard is an SEO/SEM Expert in Quebec City giving technical SEO tutorials. Specialized in technical SEO. Jcchouinard.com is a blog about programmatic SEO for large organizations through the use of Python, R and machine learning."
https://www.jcchouinard.com/web-scraping-with-beautifulsoup-in-python/,Web Scraping with BeautifulSoup (Python Examples) - JC Chouinard,"Today, you will learn about how to do web scraping with BeautifulSoup. You will learn how to use the requests library to fetch web pages and the Learn web scraping by JC Chouinard"
https://www.jcchouinard.com/statistics-summary-variability/,"Measures of Variability ""Spread"" in Summary Statistics (Python Examples) - JC Chouinard","In this guide, we will introduce one of the summary statistics: the measures of variability. We will also provide you with Python examples to illustrate Learn statistics by JC Chouinard"
https://www.jcchouinard.com/pca-with-python/,PCA: Principal Component Analysis in Python (Scikit-learn Examples) - JC Chouinard,"In this tutorial, you will learn about the PCA machine learning algorithm using Python and Scikit-learn. What is Principal Component Analysis (PCA)? PCA, Learn unsupervised learning by JC Chouinard"
https://www.jcchouinard.com/python-for-seo/,Python for SEO: Complete Guide (in 9 Chapters) - JC Chouinard,"Beginner to expert guide to learn Python for SEO. In this tutorial, you'll learn Python from the absolute basics to its advanced SEO purposes. Learn Python by JC Chouinard"
https://www.jcchouinard.com/web-scraping-headless-browser/,What is a Headless Browser? - JC Chouinard,"A headless browser is a web browser without a graphical user interface (GUI). Simply put, it is an invisible browser that runs in the background without Learn web scraping by JC Chouinard"
https://www.jcchouinard.com/git-clone-command/,How to Clone a Git Repository with Git Clone (Remote and Local) Examples - JC Chouinard,"In this tutorial, you will learn about how to use the git clone command to clone an existing repository from a remote. Cloning a repository means that you Learn git commands by JC Chouinard"
https://www.jcchouinard.com/tool_code-investigation-for-gemini/,Tool_code investigation for Gemini - JC Chouinard,"I've asked Gemini to return the full list of the tool_code for Google Search. (se work by Dan Petrovic) When we talk about the ""full list"" of objects Learn by JC Chouinard"
https://www.jcchouinard.com/statistics-summary-correlation/,"Measures of Statistical Dependence ""Correlation"" in Summary Statistics (Python Examples) - JC Chouinard","In this guide, we will introduce one of the summary statistics: the measures of correlation (statistical dependence). We will also provide you with Python Learn statistics by JC Chouinard"
https://www.jcchouinard.com/statistics-summary-shapes-distribution/,Measures of the Shapes of the Distributions in Summary Statistics (Python Examples) - JC Chouinard,"In this guide, we will introduce one of the summary statistics: the measures of the shapes of the distributions. We will also provide you with Python Learn statistics by JC Chouinard"
https://www.jcchouinard.com/google-search-console-api/,Google Search Console API: Complete Guide (in 4 Chapters) - UPDATED 2025 - JC Chouinard,The Google Search Console API is a free tool offered by Google to help SEOs and webmasters query and backup all their search analytics data. Here is the Learn Google Search Console by JC Chouinard
https://www.jcchouinard.com/regex-in-google-search-console/,Regular Expressions (RegEx) in Google Search Console - UPDATED 2024,Google Search Console just started to support regular expressions (RegEx) in filters. Let's learn how to leverage RegEx to analyse GSC data. This article Learn Google Search Console by JC Chouinard
https://www.jcchouinard.com/pca-feature-importance/,PCA Feature Importance: How to Find the Important Original Features (Python Example) - JC Chouinard,"In this tutorial, you will learn how to identify the importance of the original features in the reduced dataset. If we had 5 features and reduced to 3, Learn Machine Learning by JC Chouinard"
https://www.jcchouinard.com/sitemap-could-not-be-read-couldnt-fetch-in-google-search-console/,Sitemap Could not be Read (Sitemap Couldn't fetch examples) in Google Search Console - JC Chouinard,To fix the Sitemap Couldn't fetch error in Google Search Console you need to make sure that the sitemap is available at the URL where it should be and Learn Google Search Console by JC Chouinard
https://www.jcchouinard.com/wayback-machine-api-python/,Wayback Machine (Archive.org) API with Python - JC Chouinard,"In this tutorial, you will learn how to fetch the wayback machine API with Python in order to retrieve HTML for a specific domain. Shoutout to Antoine Learn Python by JC Chouinard"
https://www.jcchouinard.com/classification-report-in-scikit-learn/,Classification Report in Python (Scikit-Learn)? - JC Chouinard,The classification report is often used in machine learning to compute the accuracy of a classification model based on the values from the confusion Learn Machine Learning by JC Chouinard
https://www.jcchouinard.com/add-a-file-to-github-with-git-bash/,How to Push Code to Github (Git Bash Example) - JC Chouinard,"Here is how you can upload a file or a folder to your Github repository using Git Bash. To push code to a Github Repository, we use this format: $ git Learn Learn Git by JC Chouinard"
https://www.jcchouinard.com/statistics-summary-central-tendency/,Measures of Central Tendency in Summary Statistics (Python Examples) - JC Chouinard,"In this guide, we will introduce one of the summary statistics: the measures of central tendency. We will also provide you with Python examples to Learn statistics by JC Chouinard"
https://www.jcchouinard.com/python-with-spyder-ide/,Tutorial: Run Python With Spyder IDE - JC Chouinard,"As part of our complete guide on Python for SEO, we will learn how to use Spyder IDE to run Python. Learn Python by JC Chouinard"
https://www.jcchouinard.com/causalimpact-for-seo/,CausalImpact for SEO [SEO Split-Testing Experiment] - JC Chouinard,How to run CausalImpact for SEO Split-testing Experiment. Learn A/B Split Testing by JC Chouinard
https://www.jcchouinard.com/hierarchical-clustering/,Hierarchical Clustering in Python (SciPy Example) - JC Chouinard,"Hierarchical clustering is a machine learning algorithm often used in unsupervised learning for clustering problems. In this tutorial, we will learn how Learn unsupervised learning by JC Chouinard"
https://www.jcchouinard.com/ngrok-python-and-wget/,Mirror a Webpage on NGrok with Python and Wget - JC Chouinard,"In this post, we are going to see how to make a mirror of a web page or even your entire website with Wget and Python. Then, we will run the mirror on Learn Web dev by JC Chouinard"
https://www.jcchouinard.com/pagespeed/,Improve PageSpeed on my WordPress Site - JC Chouinard,"Improving PageSpeed on your WordPress website can be a challenging endeavour, but it is possible. In this post, I will show you each step to reaching your Learn Pagespeed by JC Chouinard"
https://www.jcchouinard.com/what-is-a-document-for-google-2/,"What is a ""Document"" for Google? - JC Chouinard","In this post, I will explain what a document is when referred to by Google. What is a Document? According to various patents, a ""document"" is any Learn How Google Works by JC Chouinard"
https://www.jcchouinard.com/python-lists/,Python Lists (Python for Beginners) - JC Chouinard,"In Python, a list is an ordered sequence of items. Python lists are one of the 4 data types used to store collections of data. (multiple items in a single Learn Python Programming by JC Chouinard"
https://www.jcchouinard.com/linkedin-api-user-information/,LinkedIn API: Get User Information - JC Chouinard,"For any API call to the Linkedin API, you will need to have your user URN at hand. In the next script, we will learn how to query your user information Learn API by JC Chouinard"
https://www.jcchouinard.com/get-your-oauth-credentials-for-linkedin-api/,,
https://www.jcchouinard.com/create-feature-image-with-python-pillow/,Create Feature Image With Python (Pillow) - JC Chouinard,"Creating Images for your blog can be a painful process. I hate working on images, so I decided to always use the same background image template and create Learn Python by JC Chouinard"
https://www.jcchouinard.com/python-webscraping-with-scrapy/,Web Scraping with Scrapy in Python (Crawler Example) - JC Chouinard,Do you want to build your own web crawler with Scrapy and Python? This guide will guide you through each setup to set up and use Scrapy for SEO. You might Learn Python by JC Chouinard
https://www.jcchouinard.com/uncompress-gzip-files-with-python/,Uncompress Multiple GZip files with Python - JC Chouinard,"Recently, I had a lot of CSV files that needed uncompressing. I didn't like the options available, because I didn't fully understand them. I created an Learn Python by JC Chouinard"
https://www.jcchouinard.com/find-competition-gmb-categories-with-python/,What GMB Categories are the Competition Using? - JC Chouinard,"Picking the right GMB categories can be a little daunting, especially when there are thousands to choose from. There is often no obvious choice, so the best option is sometimes to examine what the competition is doing. Learn Python by JC Chouinard"
https://www.jcchouinard.com/python-if-elif-else/,Python If... Elif... Else... (with Examples) - JC Chouinard,"In Python, the if, elif, else statements are control flow statements used to apply conditions for the Python code execution. (If condition, do something, Learn Python Programming by JC Chouinard"
https://www.jcchouinard.com/pca-explained-variance/,What is the Explained Variance in PCA (Python Example) - JC Chouinard,"As part of the series of tutorials on Python PCA, we will learn what the explained variance is and what it means in Principal Component Analysis. What is Learn Machine Learning by JC Chouinard"
https://www.jcchouinard.com/rich-results/,Ranking Rich Results for SEO (With Structured Data Examples) - JC Chouinard,We are far from the 10 blue links. Rich results are dominating the search engine result pages (SERPs). There are 4 main ways SEOs and webmasters can use Learn Technical SEO by JC Chouinard
https://www.jcchouinard.com/slack-api/,Slack API with Python (Complete Guide) - JC Chouinard,"Welcome to this complete guide on using the Slack API with Python. In this guide, you will learn how to get your credentials, send your first message and Learn Python by JC Chouinard"
https://www.jcchouinard.com/python-file-handling/,"Python File Handling: Read, Write and Delete Files in Python - JC Chouinard",File handling in Python programming represents the action of interacting with files using Python built-in functions or modules. The most common function Learn Python Programming by JC Chouinard
https://www.jcchouinard.com/page/5/,"Jean-Christophe Chouinard - Page 5 of 6 - Python, SEO, Machine Learning and Web Development","Jean-Christophe Chouinard is an SEO/SEM Expert in Quebec City giving technical SEO tutorials. Specialized in technical SEO. Jcchouinard.com is a blog about programmatic SEO for large organizations through the use of Python, R and machine learning."
https://www.jcchouinard.com/xpath-for-web-scraping/,Web Scraping with XPath (with Python Example) - JC Chouinard,"In this tutorial, you will learn what Xpath is and how to leverage Xpath in web scraping. XPath allows you to locate exact elements within an HTML Learn web scraping by JC Chouinard"
https://www.jcchouinard.com/wikidata-api-python/,How to use the Wikidata API (with Python Examples) - JC Chouinard,"In this tutorial, we will use the Python Requests library in order to fetch data from the Wikidata API. We will learn in detail how the Wikidata API works Learn Non classé by JC Chouinard"
https://www.jcchouinard.com/basic-sql-commands/,Basic SQL Commands - JC Chouinard,"Let's look at the basic SQL commands to interact with a Database. In my previous post to help you learn SQL, we built a database that looks like this. Learn SQL by JC Chouinard"
https://www.jcchouinard.com/page/4/,"Jean-Christophe Chouinard - Page 4 of 6 - Python, SEO, Machine Learning and Web Development","Jean-Christophe Chouinard is an SEO/SEM Expert in Quebec City giving technical SEO tutorials. Specialized in technical SEO. Jcchouinard.com is a blog about programmatic SEO for large organizations through the use of Python, R and machine learning."
https://www.jcchouinard.com/apply-for-a-twitter-developer-account/,How to Apply for a Twitter Developer Account (with Example) - JC Chouinard,"To use the Twitter API, you will need to apply for a Twitter Developper Account. I will share some examples of answers to the questions and the steps to Learn Twitter by JC Chouinard"
https://www.jcchouinard.com/linkedin-api-authentication/,LinkedIn API: Authenticate Using OAuth 2.0 - JC Chouinard,"The OAuth 2.0 Protocol is a third party protocol used for authentication and authorization. In this article, we will see how to authenticate the LinkedIn Learn API by JC Chouinard"
https://www.jcchouinard.com/post-to-groups-using-facebook-graph-api-python/,How to Post to Groups using Facebook Graph API with Python (Example) - JC Chouinard,"In this guide, I will show you how to use Python and the Facebook Graph API to post to Facebook Groups. Example of Automated Post This tutorial is very Learn API by JC Chouinard"
https://www.jcchouinard.com/learn-data-science/,Learn Data Science Online for Free (Full Tutorial) - JC Chouinard,"This guide is for self-tough individuals would would like to learn data science for free. In this online tutorial, you will have plenty of resources to Learn Non classé by JC Chouinard"
https://www.jcchouinard.com/check-verified-properties-in-gsc-site-api/,Get List of Verified Properties using Google Search Console API and Python - JC Chouinard,"In this post, I will show you how to check verified properties in Google Search Console using Python and the GSC Sites API. This module will be useful Learn Google Search Console by JC Chouinard"
https://www.jcchouinard.com/python-dictionaries/,Python Dictionaries (Python for Beginners) - JC Chouinard,Python dictionaries are an unordered collection of key-value pairs. Dictionaries are a mappings data type used to store collections of data. The 4 data Learn Python Programming by JC Chouinard
https://www.jcchouinard.com/python-requests/,How to Use Python Requests Library (Example and Video) - Guided Tutorial - JC Chouinard,The Python requests library is an HTTP requests library in Python. Python Requests Example import requests url = 'https://crawler-test.com/' r = Learn Python by JC Chouinard
https://www.jcchouinard.com/selenium-driver-methods/,Selenium Driver Methods - JC Chouinard,"There are 63 methods that can be used on the Selenium driver object. To learn more about Selenium, read our Selenium with Python Tutorial. Learn Non classé by JC Chouinard"
https://www.jcchouinard.com/what-is-staging-in-git/,What is Staging in Git - JC Chouinard,"Staging in Git means to change the state of a modified file to an intermediate step called staged, ready to be committed. Git has a staging area that Learn Git and Github by JC Chouinard"
https://www.jcchouinard.com/connect-search-console-and-data-studio/,How to connect Google Search Console with Google Data Studio? - JC Chouinard,This post will help you to connect your Google Search Console account to Google Data Studio. Create a Google Search Console Dashboard in Data Studio Go to Learn Google Search Console by JC Chouinard
https://www.jcchouinard.com/unsupervised-learning/,Unsupervised Learning in Machine Learning (with Python Example) - JC Chouinard,"Unsupervised learning is one of the techniques used in machine learning to train models by finding patterns in unlabelled data. To learn, computers need Learn Machine Learning by JC Chouinard"
https://www.jcchouinard.com/k-nearest-neighbors/,How to use k-Nearest Neighbors (KNN) with Python (Scikit-Learn example) - JC Chouinard,k-Nearest Neighbors is a machine learning algorithm used in supervised learning to predict the label of data points by looking what is the majority in its Learn Machine Learning by JC Chouinard
https://www.jcchouinard.com/url-inspection-tool/,How to use the URL Inspection Tool (Google Search Console Example) - JC Chouinard,The URL inspection tool enables you to view how Google is seeing the pages on your website live and monitor the technical changes you’re doing at will. Learn Google Search Console by JC Chouinard
https://www.jcchouinard.com/web-scraping-with-python-and-requests-html/,Web Scraping With Python and Requests-HTML (with Example) - JC Chouinard,"In this web scraping tutorial, you will learn how to extract SEO information from a website using Python Requests-HTML. Learn how to extract meta tags, headings and broken links from a web page. Learn Python by JC Chouinard"
https://www.jcchouinard.com/logistic-regression/,What is Logistic Regression in Machine Learning (with Python Example) - JC Chouinard,Logistic regression is a machine learning algorithm used in supervised learning used for classification problems trying to predict the label of data Learn Machine Learning by JC Chouinard
https://www.jcchouinard.com/pagespeed-api-and-lighthouse-forecasting/,"Forecasting Speed Improvements with PageSpeed API, Lighthouse and Python - JC Chouinard","Page Speed Insights API is a super powerful tool which can give us a lot of information to enhance our website performance. However, sometimes it gives so Learn Python by JC Chouinard"
https://www.jcchouinard.com/random-reddit-post-in-terminal/,Reddit API Project with Python: Show Random Reddit Post in Terminal - JC Chouinard,"In this simple reddit API project with Python, we will learn how to show random Reddit publications in the Terminal Shell when we open it. I thought my Learn Python by JC Chouinard"
https://www.jcchouinard.com/create-a-mysql-database-using-python/,Create a MySQL Database using Python (pymySql) - JC Chouinard,"In this tutorial, we will learn how to create a SQL database using Python and the MySQL relational database management system. You can save data to a Learn Python by JC Chouinard"
https://www.jcchouinard.com/python-pip-install-requirements-txt/,Pip install requirements.txt with Python (How to Install Packages) Example - JC Chouinard,"If you use the pip package manager to install and manage your Python libraries, you can use the requirements.txt configuration file to specify all the Learn Python Programming by JC Chouinard"
https://www.jcchouinard.com/pca-plot-3d-pca-graph-python/,How to Plot a 3D PCA Scatterplot (with Python Example) - JC Chouinard,"As part of the series of tutorials on PCA with Python, we will learn how to plot a 3D PCA graph (scatter plot) on the Iris Dataset with Python, Learn Machine Learning by JC Chouinard"
https://www.jcchouinard.com/how-google-uses-anchors-in-ranking-search-results/,How Google Uses Anchors in Ranking Search Results - JC Chouinard,"User behaviour impacts rankings. What if your web page ranks 9th for a query? Your page may not get much user behaviour data to show off for. But, what if Learn How Google Works by JC Chouinard"
https://www.jcchouinard.com/keyword-and-entity-calculator-using-knowledge-graph-api/,Keyword Density and Entity Calculator (Python + Knowledge Graph API) - by Greg Bernhardt,"For years SEOs have clambered on about how keyword density is dead. For keyword ranking perhaps, but it's still a useful tool in determining a web page's Learn Python by JC Chouinard"
https://www.jcchouinard.com/regex-for-seo/,Regex For SEO: How to use Regular Expressions (with Examples) | Complete Guide to Regex SEO,"In this guide, I will show you how to use Regex for SEO, even if you have no programming knowledge. Learn SEO by JC Chouinard"
https://www.jcchouinard.com/python-tuples/,Python Tuples (with Examples) - JC Chouinard,"In Python, Tuples are an immutable data structure of the sequence type that store a collection of data. Just like with a list, Tuples stores Python Learn Python Programming by JC Chouinard"
https://www.jcchouinard.com/google-analytics-reporting-api/,Google Analytics Reporting API v4 using Python [2021 update] - JC Chouinard,This is the best place to learn how to set up Google Analytics Reporting API with Python. Learn Python by JC Chouinard
https://www.jcchouinard.com/google-multi-stage-query-processing/,Multi-Stage Query Processing in Google Search (Patents SEO) - JC Chouinard,"In this series on learning SEO with Google patents, I will cover some of what I have learned reading the Google patent titled ""Multi-stage query Learn How Google Works by JC Chouinard"
https://www.jcchouinard.com/intro-to-gsc-api-with-python/,,
https://www.jcchouinard.com/politique-de-confidentialite/,Politique de confidentialité - JC Chouinard,
https://www.jcchouinard.com/kmeans/,What is KMeans Clustering Algorithm (with Python Example) - Scikit-Learn - JC Chouinard,Kmeans clustering is a machine learning algorithm often used in unsupervised learning for clustering problems. It is a method that calculates the Learn Machine Learning by JC Chouinard
https://www.jcchouinard.com/python-getting-started/,Easiest Way to Get Started with Python (without Installation)? - JC Chouinard,The easiest way to get started with Python is to use Google Colab since it does not require the installation of Python or any kind of software. It even Learn Python Programming by JC Chouinard
https://www.jcchouinard.com/google-search-console-api-with-python/,Google Search Console API with Python (Video Example) - JC Chouinard,"Welcome to this Google Search Console API tutorial with Python. In this tutorial, I will show you how to extract all your Google Search Console data into Learn API by JC Chouinard"
https://www.jcchouinard.com/scikit-learn/,"Scikit-learn: How to Install, Import and Run Sklearn for Machine Learning (with Python Example) - JC Chouinard","Scikit-learn, or sklearn, is a machine learning library widely used in the data science community for supervised learning and unsupervised learning. What Learn Machine Learning by JC Chouinard"
https://www.jcchouinard.com/slack-api-webhooks/,Get the Slack API Credentials (Webhooks) - JC Chouinard,"To post to Slack API with Python you will need to create a Slack API app and get the Webhook URL. In this step-by-step guide, we will see how to get the Learn Automation by JC Chouinard"
https://www.jcchouinard.com/ensemble-learning/,Learn Ensemble Learning Algorithms in Machine Learning (with Python Examples) - JC Chouinard,Ensemble learning is a supervised learning technique used in machine learning to improve overall performance by combining the predictions from multiple Learn Machine Learning by JC Chouinard
https://www.jcchouinard.com/clustering-queries-for-image-search-at-google/,Clustering Queries for Image Search at Google - JC Chouinard,"In this post, I will cover some of what I have learned reading the Google patent titled ""Clustering Queries for Image Search"" by Yushi Jing, Michele Learn patents by JC Chouinard"
https://www.jcchouinard.com/gitignore-vscode/,How to Create a Gitignore File in VS Code (with Example) - JC Chouinard,"The .gitignore file is useful to specify what you want, and what you don't want to be committed to Github. Learn Git and Github by JC Chouinard"
https://www.jcchouinard.com/seo-cannibalization-analysis-python-example-tutorial/,SEO Cannibalization Analysis (Python Example & Tutorial) - JC Chouinard,"In this tutorial, we'll delve how to use Python to diagnose Keyword Cannibalzation, empowering you to incorporate this system into your SEO workflows Learn Non classé by JC Chouinard"
https://www.jcchouinard.com/wordpress-api-with-python/,How to use WordPress API with Python (example) - JC Chouinard,"In this tutorial, you will learn how to use the WordPress API with Python. The WP API is an Application Programming Interface that allows you to interact Learn API by JC Chouinard"
https://www.jcchouinard.com/get-bert-score-for-seo-by-pierre-rouarch/,Get BERT Score for SEO (by Pierre Rouarch) - JC Chouinard,"In this post, we will see how to calculate the ""BERT score"" to see if a web page has a chance to answer a question asked in Google. Learn Python by JC Chouinard"
https://www.jcchouinard.com/get-started-with-github/,Get Started With Github - JC Chouinard,Github is a cloud based Git repository hosting platform. Github will be of great use when trying to do SEO automation and Machine Learning projects. Learn Getting Started by JC Chouinard
https://www.jcchouinard.com/how-to-connect-to-google-search-console-api-using-python/,,
https://www.jcchouinard.com/how-to-use-anaconda-environments/,How to Use Anaconda Environments with Python (example) - JC Chouinard,"In this introduction to Anaconda Environments, you will learn how to use, create, and manage python environments using the Anaconda distribution. What is Learn Python by JC Chouinard"
https://www.jcchouinard.com/regression-in-machine-learning/,Regression in Machine Learning - JC Chouinard,"Regression in machine learning is a supervised learning approach in which computer programs try to make predictions on continuous variables. Simply put, Learn Machine Learning by JC Chouinard"
https://www.jcchouinard.com/clustering-with-kmeans-and-tf-idf/,Clustering and De-duplication of web pages using KMeans and TF-IDF - JC Chouinard,"In this project, we will learn how to use Python to cluster URLs from Google Search Console by analysing the queries that each page ranks for in Google. Learn unsupervised learning by JC Chouinard"
https://www.jcchouinard.com/python-seo-keyword-clustering/,How to do Keyword Topic Clustering with Python SEO (Sklearn TF-IDF + AffinityPropagation) Example - JC Chouinard,"In this Python SEO tutorial, we will learn how to group keywords into topic clusters using Python and the Scikit-learn library. The Python script will go Learn python seo by JC Chouinard"
https://www.jcchouinard.com/supervised-learning/,Supervised Learning in Machine Learning (Introduction) - JC Chouinard,"Supervised learning defines an algorithm used in machine learning to train models based on labelled data. To learn, computers need to be trained. There Learn Machine Learning by JC Chouinard"
https://www.jcchouinard.com/python-pip-list-installed-modules/,How to List Installed Python Packages (with/without Pip) - JC Chouinard,"In this tutorial, you will learn how to list every Python packages installed in your environment, whether you are using pip, conda or pipenv package Learn Python Programming by JC Chouinard"
https://www.jcchouinard.com/google-document-processing-system/,What is Google's Document Processing System (and How it Works) - JC Chouinard,"In this tutorial, you will learn everything about the document processing system used in information retrieval (e.g. Google Search Engine). I will explain Learn How Google Works by JC Chouinard"
https://www.jcchouinard.com/twitter-api/,Twitter API with Python (Complete Guide) - JC Chouinard,"In this extensive guide, you will learn everything that you need to use the Twitter API with Python. I will cover the most important points (and missing Learn twitter-api by JC Chouinard"
https://www.jcchouinard.com/web-scraping/,Web Scraping Tutorial (with Examples) - JC Chouinard,"In this tutorial, you will learn what is web scraping and how to perform web scraping. What is Web Scraping Web scraping is the process of using a bot to Learn web scraping by JC Chouinard"
https://www.jcchouinard.com/git-diff/,What is the Git Diff Command (with Examples) - JC Chouinard,Git diff is a Git command that can be used to compare differences between files. The git diff command runs a diff function on the provided data source Learn git commands by JC Chouinard
https://www.jcchouinard.com/create-xml-sitemap-with-python/,How to Create a Simple XML Sitemap With Python (example) - JC Chouinard,"XML sitemaps are useful for the discovery of URLs by Google. Some free tools let you create XML sitemaps, but usually have a limitation to 500 URLs or so. Learn Python by JC Chouinard"
https://www.jcchouinard.com/tweepy-basic-functions/,Tweepy Basics Functions for Twitter API (Python) - JC Chouinard,"In this tutorial, we will learn the basic functions that you can use to interact with the Twitter API with Python. This tutorial is part of the complete Learn Twitter by JC Chouinard"
https://www.jcchouinard.com/get-number-of-indexed-pages-on-multiple-sites-with-python/,Get (Rough) Number of Indexed Pages on Multiple Sites with Python - JC Chouinard,"In this post, we will learn how to check the number of indexed pages on multiple websites using Python and Selenium into a CSV file. Beware, by doing this Learn Python by JC Chouinard"
https://www.jcchouinard.com/useful-python-seo-functions/,Useful Python SEO Functions - JC Chouinard,Here is a collection of useful Python functions that SEOs can use to do things like making http requests. Generate Fake User-Agent from fake_useragent Learn Python by JC Chouinard
https://www.jcchouinard.com/python-with-vscode/,How to Run Python in VSCode (Visual Studio Code) Tutorial - JC Chouinard,"In this tutorial, we are going to learn how to get started using VSCode with Python. Learn Python by JC Chouinard"
https://www.jcchouinard.com/gitignore-template/,Gitignore TEMPLATE (Basic Sample gitignore file),"The .gitignore file is useful to specify what you want, and what you don't want to be committed to Github. Learn advanced-tips by JC Chouinard"
https://www.jcchouinard.com/learn-sql/,Learn SQL by Building Your First SQLite Database - JC Chouinard,"In this article, I will show you the basics of SQL and build a simple SQLite database that you can play with. We are going to cover: Basic SQL Definitions Learn SQL by JC Chouinard"
https://www.jcchouinard.com/how-to-connect-to-google-ads-api-with-r-formerly-google-adwords/,How to connect to Google Ads API with R (Advanced AdWords) - JC Chouinard,"In this tutorial, I will help you to analyze Google Adwords data with R using the Google Ads API. Learn R by JC Chouinard"
https://www.jcchouinard.com/html-for-seo/,Introduction to HTML for SEO and Web Scraping - JC Chouinard,"HTML, or HyperText Markup Language, is a markup language to create web pages. This tutorial is a simple introduction to HTML focusing on SEO. You Learn Web dev by JC Chouinard"
https://www.jcchouinard.com/alert-robots-txt-changes-to-slack-using-python/,Alert Robots.txt Changes to Slack using Python - JC Chouinard,"In this post, we will implement and smoke test to check whether the robots.txt file changed. When the robots.txt file is changed, it will back up the Learn Python by JC Chouinard"
https://www.jcchouinard.com/google-search-console-api-oauth-authentication/,Authenticate Google Search Console API With OAuth2 (Python example) - JC Chouinard,This tutorial is for SEOs that would like to use Google Search Console API with Python. Learn Python by JC Chouinard
https://www.jcchouinard.com/machine-learning-for-seo/,Machine Learning for SEO - JC Chouinard,"Machine learning provides a lot of opportunities for SEO professionals to add to their toolkits. In this post, we will see how SEOs can leverage machine Learn Machine Learning by JC Chouinard"
https://www.jcchouinard.com/how-to-find-any-linkedin-company-id/,How to Find Any LinkedIn Company ID (with Example) - JC Chouinard,"Finding any LinkedIn company ID is super easy. Go to the company page on LinkedIn and click on ""See all X employees on LinkedIn"". The company ID is in the Learn LinkedIn by JC Chouinard"
https://www.jcchouinard.com/image-retrieval/,Image Retrieval: Information Retrieval in (Google) Image Search Engine - JC Chouinard,"Google's ""Image retrieval"" patent is about how the Google Image Search Engine manages duplicate images and how the collections of duplicate images are Learn How Google Works by JC Chouinard"
https://www.jcchouinard.com/install-google-analytics-with-google-tag-manager/,Install Google Analytics with Google Tag Manager - JC Chouinard,I will show you the easiest way to install Google Analytics with Google Tag Manager. (Step-by-step) What we are going to do is: Create a new Google Learn Analytics by JC Chouinard
https://www.jcchouinard.com/preprocessing-in-scikit-learn/,Preprocessing Data With SCIKIT-LEARN (Python tutorial) - JC Chouinard,Data preprocessing is an important step in the machine learning workflow. The quality of the data makes the difference between a good model and a bad Learn Machine Learning by JC Chouinard
https://www.jcchouinard.com/clustering-in-machine-learning/,What is Clustering in Machine Learning (Python Examples) - JC Chouinard,Clustering in machine learning is an unsupervised learning set of algorithms that divide objects into similar clusters based on similar characteristics. Learn Machine Learning by JC Chouinard
https://www.jcchouinard.com/what-is-google-search-console-api/,What is Google Search Console API? - JC Chouinard,The Google Search Console API is an application programming interface offered by Google to allow users to query the Google Search Console data without a Learn Google Search Console by JC Chouinard
https://www.jcchouinard.com/boosting-in-machine-learning/,What is Boosting in Machine Learning (with Examples) - JC Chouinard,Boosting is an ensemble learning method used in supervised learning that converts weak learners into strong learners by having each predictor fix the Learn Machine Learning by JC Chouinard
https://www.jcchouinard.com/hashing-what-is-a-checksum/,"What is Hashing (and how it works). Checksums, hash functions and more! - JC Chouinard",Hashing is the process of transforming a key or a string of characters into another value. The conversion is done using a hashing algorithm (function). A Learn How Google Works by JC Chouinard
https://www.jcchouinard.com/install-rgoogleanalytics-api/,Guide to set-up credentials in RGoogleAnalytics API - JC Chouinard,This is a walkthrough for creating the project and generating the client id and client secret that you will need to set-up SEO split testing. This Learn Google Analytics by JC Chouinard
https://www.jcchouinard.com/rendering-on-large-scale-python/,Find Rendering Problems On Large Scale Using Python + Screaming Frog - JC Chouinard,"I've been struggling for the past 6 months to find a solution to extract rendering problems on a large scale. Fantastic enough, Tobias Willmann has Learn Python by JC Chouinard"
https://www.jcchouinard.com/send-an-email-with-python-and-gmail/,Gmail API with Python (How to Send an Email Using Python) - JC Chouinard,This easy tutorial will show you how to send an email using python and the Gmail API. Learn Python by JC Chouinard
https://www.jcchouinard.com/upload-sitemaps-gsc-api/,Upload Sitemaps to Google Search Console with the API (Python) - JC Chouinard,"In this tutorial, we will use Python and the sitemaps resource from the Google Search Console API to upload new sitemaps to Google Search Console. Get Learn Google Search Console by JC Chouinard"
https://www.jcchouinard.com/install-node-and-npm/,Install NodeJS and NPM (Mac and Windows) - JC Chouinard,"Node.js is a JavaScript-based environment that can be used to create servers applications. In this post, we will learn how to install NodeJS and NPM on Learn JavaScript by JC Chouinard"
https://www.jcchouinard.com/python-libraries-for-seo/,Python Libraries for SEO - Beginner Guide - JC Chouinard,"Learn how to use basic packages like pandas, numpy and matplotlib to do SEO with Python. Learn Python by JC Chouinard"
https://www.jcchouinard.com/google-image-display-within-web-results/,How Google Displays Images Within Web Search Results? - JC Chouinard,"Have you ever wondered how Google decides whether or not they should, or even where to show images in web search results? In this post, I will cover how Learn patents by JC Chouinard"
https://www.jcchouinard.com/seo-split-testing-experiments-using-google-tag-manager/,SEO Split-Testing Experiments Using Google Tag Manager - JC Chouinard,"In this post, I will show you how to implement SEO split-testing experiments using Google Tag Manager (GTM). Learn A/B Split Testing by JC Chouinard"
https://www.jcchouinard.com/get-reddit-api-credentials-with-praw/,Get Reddit API Credentials with PRAW (Python Example) - JC Chouinard,"In this post, we are going to generate the credentials necessary to run the Reddit API using Python and the PRAW wrapper. Learn Reddit by JC Chouinard"
https://www.jcchouinard.com/pandas-python/,18 Pandas Functions to Replace Excel with Python (and be happy forever) - JC Chouinard,"This tutorial is a simple introduction to Pandas Python library. You will learn the basics of Pandas in Python and how pandas can replace Excel, along Learn Python by JC Chouinard"
https://www.jcchouinard.com/pca-what-is-principal-component-analysis/,What is Principal Component Analysis (PCA)? - JC Chouinard,Principal Component Analysis is a technique that simplifies complex data by finding and keeping only the most important patterns or features. What is Learn Machine Learning by JC Chouinard
https://www.jcchouinard.com/chrome-devtools-commands-for-seo/,31 Ways to use Chrome DevTools (for SEO) - JC Chouinard,This post will help you use Chrome DevTools to solve some of the most common SEO tasks. What is Chrome DevTools Chrome DevTools is a set of web developer Learn SEO by JC Chouinard
https://www.jcchouinard.com/google-indexing-api-with-python/,Google Indexing API with Python - JC Chouinard,"In this tutorial, we will learn how to use Google's Indexing API with Python. What is the Indexing API? The indexing API is an Application Programming Learn API by JC Chouinard"
https://www.jcchouinard.com/free-repositories-to-learn-data-science/,The 6 BEST Github Repository to learn Data Science (for FREE) - JC Chouinard,There are a lot of free Github repositories out there to learn Machine Learning and Data Science. Here are the BEST 6 Free repositories available on Learn Machine Learning by JC Chouinard
https://www.jcchouinard.com/git/,What is Git - JC Chouinard,Git is a version control system for tracking changes made to source code over time. How do programmers keep track of different versions of their code? How Learn Git and Version Control Basics by JC Chouinard
https://www.jcchouinard.com/dimension-reduction-in-machine-learning/,What is Dimension Reduction in Machine Learning (with Python Example) - JC Chouinard,"Dimensionality reduction, or dimension reduction, is a machine learning data transformation technique used in unsupervised learning to bring data from a Learn Machine Learning by JC Chouinard"
https://www.jcchouinard.com/how-to-scrape-google-using-xpath/,How to Scrape Google Using XPath - JC Chouinard,What if I tell you that you could rank #1 on Google and get 0 clicks. It would be an obvious statement to experienced SEOs. What if I can tell you that Learn SEO by JC Chouinard
https://www.jcchouinard.com/what-is-a-git-repository/,What is a Git Repository - JC Chouinard,"A git repository is the location where is stored the data related to your files, directories and git history for a Git Project. In this beginner version Learn Git and Version Control Basics by JC Chouinard"
https://www.jcchouinard.com/learn-selenium-python-seo-automation/,Web Scraping With Selenium in Python (with Example) - Browser Automation - JC Chouinard,Easy tutorial to help non-developers install Selenium Webdriver using Python. Selenium Webdriver is an amazing tool for SEO automation. Learn web scraping by JC Chouinard
https://www.jcchouinard.com/backup-google-search-console-data-into-mysql-with-python/,Backup Google Search Console Data Into MySQL With Python - JC Chouinard,This guide will show you the easiest way to automatically backup your Google Search Console Data in MySQL using Python. Why Use a MySQL Database for SEO? Learn Python by JC Chouinard
https://www.jcchouinard.com/google-lexicon-generator/,What is Google's Lexicon Generator (and How it Works) - JC Chouinard,"In this tutorial, you will learn everything about the Lexicon Generator used in information retrieval (e.g. Google Search Engine). I will explain what the Learn How Google Works by JC Chouinard"
https://www.jcchouinard.com/python-operators/,Python Operators (with Examples) - JC Chouinard,"In order to learn Python for SEO, you need to understand why you should learn Python in the first place. Then, you need to cover the basics. Learn Python Programming by JC Chouinard"
https://www.jcchouinard.com/github-forks-and-pull-requests/,Git Pull Requests: Fork and Merge a Repository (step-by-step) on Github - JC Chouinard,"In this tutorial, we will learn how to create a simple pull request on Github. For this to be clearer, I have my friend's account and my own account Learn Learn Git by JC Chouinard"
https://www.jcchouinard.com/twitter-api-credentials/,How to get Twitter API Credentials (API Keys) with Example - JC Chouinard,"To use the Twitter API, you need to create a Twitter App and get your credentials for the app. Your credentials are essentially the username and password Learn Twitter by JC Chouinard"
https://www.jcchouinard.com/google-image-search-engine/,Image SEO: How the Google Image Search Engine Works - JC Chouinard,"In this post, we will learn in great details how the Google's Image Search Engine works and the engineering behind it. In this article we will learn: What Learn How Google Works by JC Chouinard"
https://www.jcchouinard.com/simple-sqlite3-tutorial-with-python/,Simple SQLite3 Tutorial With Python - JC Chouinard,"Sqlite3 is the Python library that provide access to databases of the SQL query language. In this tutorial, we will learn how to use SQLite3 with Python. Learn SQL by JC Chouinard"
https://www.jcchouinard.com/google-url-inspection-api-with-python/,Google URL Inspection API with Python - JC Chouinard,"In this is tutorial, we will learn how to use Google Search Console's URL Inspection API with Python. What is the URL Inspection API? The URL Inspection Learn API by JC Chouinard"
https://www.jcchouinard.com/query-categorization-based-on-image-results/,Query Categorization Based on Image Results - JC Chouinard,"Query categorization can be used by Google to improve image search results by comparing image annotations to query categories. In this post, I will cover Learn How Google Works by JC Chouinard"
https://www.jcchouinard.com/python-control-flows/,Python Control Flows - JC Chouinard,"Control flows in Python defines the order that the computer executes statements, instructions or function calls in a script. They are used to write more Learn Python Programming by JC Chouinard"
https://www.jcchouinard.com/classification-in-machine-learning/,Classification In Machine Learning (with Python Example) - JC Chouinard,Classification in machine learning is a supervised learning approach in which computer programs try to classify categorical data by observing and learning Learn Machine Learning by JC Chouinard
https://www.jcchouinard.com/selenium-install-web-driver/,How to Install Chrome Driver Executable File in Selenium (with Python Example) - JC Chouinard,"To be able to use Selenium, you will need to install a browser and the browser driver. Selenium supports multiple web browsers, but since Chrome has by Learn web scraping by JC Chouinard"
https://www.jcchouinard.com/pca-scree-plot/,How to Make a Scree Plot with Python and PCA (Scikit-Learn) - JC Chouinard,"As part of the series of tutorials on PCA with Python, we will learn how to plot a scree plot on the Iris dataset. The scree plot is one of the PCA Learn Machine Learning by JC Chouinard"
https://www.jcchouinard.com/python-pip/,"How to use pip in Python (Install, Update, Uninstall Packages) with Example - JC Chouinard","In this tutorial, we will learn what pip is and how to install, update, upgrade and uninstall Python packages using pip. The following tutorial shows Learn Python Programming by JC Chouinard"
https://www.jcchouinard.com/google-omnibox/,What is Google Chrome Omnibox? - JC Chouinard,The Google Chrome Omnibox is the Google Chrome Address bar. The US VS Google trial was mentioning improving ranks of the Omnibox. But what is Google's Learn How Google Works by JC Chouinard
https://www.jcchouinard.com/classification-machine-learning-project-in-scikit-learn/,Classification Machine Learning Project in Scikit-Learn (Python Example) - JC Chouinard,"In this article, we will use Python to learn Scikit-learn through a typical machine learning classification problem. We will: Load the dataset Explore the Learn Machine Learning by JC Chouinard"
https://www.jcchouinard.com/python-loops/,Python Loops (with Examples) - JC Chouinard,"In this article, we will talk about the different kinds of loops in Python, their syntax, and how to use conditional statements to improve Python Learn Python Programming by JC Chouinard"
https://www.jcchouinard.com/google-patents-for-seo/,THE 10 BEST Google Patents (For SEO) - JC Chouinard,"In this tutorial, you will discover many SEO insights that can be understood from reading Google Patents. This series is in honour of the great pioneer Learn Non classé by JC Chouinard"
https://www.jcchouinard.com/best-websites-for-web-scraping/,THE 8 BEST Websites to Practice Web Scraping - JC Chouinard,"When practicing web scraping, find a good playground for improving your scraping techniques. Web scraping puts a load on a website's server and can even Learn web scraping by JC Chouinard"
https://www.jcchouinard.com/crawl-stats-report-in-google-search-console/,How to use the Crawl Stats Report in Google Search Console - JC Chouinard,The crawl stats report shows your statistics about Google crawling history of your website.  Having an understanding of the crawling of pages on your Learn Google Search Console by JC Chouinard
https://www.jcchouinard.com/brightonseo/,BrightonSEO 2019 Slides & Videos - JC Chouinard,"Brighton SEO has been a massive year in 2019 with speakers John Mueller, Darren Shaw and Fili Wiese. Unfortunately, being thousands of miles away, I Learn SEO by JC Chouinard"
https://www.jcchouinard.com/machine-learning-how-to-learn/,How to Learn Machine Learning? - JC Chouinard,"Beginners with no programming or mathematical background can learn machine learning. The mathematical, statistical and programming skills can be learn Learn Machine Learning by JC Chouinard"
https://www.jcchouinard.com/predictive-based-clustering/,Predictive-based Clustering with representative redirect targets - JC Chouinard,How does Google handle duplicate content on the Web? One of the many ways is that they compare URL patterns to predict which ones are likely duplicated. Learn How Google Works by JC Chouinard
https://www.jcchouinard.com/reddit-api-without-api-credentials/,Get Top Posts from Reddit API Without API Credentials (Python Example) - JC Chouinard,"What is awesome about the Reddit API is that you can extract data from Reddit without any credentials! In this beginner tutorial, I will show you how to scrape Reddit with Python, without using an API key or a wrapper."
https://www.jcchouinard.com/pca-how-it-works-in-python/,How PCA Machine Learning Algorithm Works in Python? - JC Chouinard,"The PCA machine algorithm works by identifying the intrinsic dimension of a dataset, while retaining as much variation as possible. In other words, it Learn Machine Learning by JC Chouinard"
https://www.jcchouinard.com/causalimpact/,What is Causal Impact Analysis and How to Use it? - JC Chouinard,"In this introduction, you will understand what is CausalImpact and how it can be used. Causal Impact is a package used to understand the causal effect of Learn Machine Learning by JC Chouinard"
https://www.jcchouinard.com/teleport-api-python/,Teleport API with Python (How to Get Geographical Data) - JC Chouinard,The teleport API allows to gather data about a geographical areas for free. Teleport allows you to gather data from cities such as: Population Learn Non classé by JC Chouinard
https://www.jcchouinard.com/get-started-with-django/,Get Started With Django (Python Tutorial) - JC Chouinard,"In this step-by-step tutorial, you are going to learn how to make the most basic Django Application with Python. Learn Web dev by JC Chouinard"
https://www.jcchouinard.com/machine-learning-examples/,THE 7 BEST Machine Learning Examples (Real-World) - JC Chouinard,This article will showcase examples of the application of machine learning in the real world. While the topic of machine learning may seem inaccessible to Learn Machine Learning by JC Chouinard
https://www.jcchouinard.com/install-git/,How to Install Git on Windows and Mac OS X (with Example) - JC Chouinard,"Git is a version control tool that allows you to manage versions of your files on your local machine. To be able to use it with Github properly, you need Learn Getting Started by JC Chouinard"
https://www.jcchouinard.com/seaborn/,Seaborn Data Visualization with Python (with Examples) - JC Chouinard,Seaborn is a data visualization library in Python that is built on top of the Matplotlib package. It brings intuitive functions to help solve most Learn Machine Learning by JC Chouinard
https://www.jcchouinard.com/searchconsole-api-wrapper-python/,Extract Query by Page Using the Searchconsole API wrapper (Python) - JC Chouinard,"In this tutorial, we will learn the query Google Search Console API using Josh Carty's Python Wrapper. The wrapper is a very convenient way to quickly Learn gsc-api by JC Chouinard"
https://www.jcchouinard.com/validate-site-in-google-search-console/,How to Validate Your Site in Google Search Console (GSC Example) - JC Chouinard,"Before you can use Google Search Console (GSC), you need to validate your site. In this post we will learn how to validate your site in Google Search Learn Google Search Console by JC Chouinard"
https://www.jcchouinard.com/how-to-use-reddit-api-with-python/,How to use Reddit API With Python (Pushshift) with Example - JC Chouinard,"In this post, I will show you how to make an API call with Reddit API and Python using Pushshift.io. Learn Python by JC Chouinard"
https://www.jcchouinard.com/tweepy-json-response-for-tweets/,Understand Tweepy's Tweets JSON Response (Twitter API) - JC Chouinard,"APIs often return responses in the format of a JSON file. In this tutorial, you will learn how to understand and use Twitter API's response. This tutorial Learn Twitter by JC Chouinard"
https://www.jcchouinard.com/model-evaluation-in-machine-learning/,How to do Model Evaluation in Machine Learning with Python (Scikit-Learn examples) - JC Chouinard,Model evaluation is used in machine learning to evaluate the performance of a model and compare different models in order to choose the best performing Learn Machine Learning by JC Chouinard
https://www.jcchouinard.com/why-learn-python-for-seo/,How and Why You Should Learn Python for SEO - JC Chouinard,"Top SEO Experts share their advice on how and why you should learn Python for SEO. (JR Oakes, Hamlet Batista, Elias Dabbas and more) Learn Python by JC Chouinard"
https://www.jcchouinard.com/how-to-use-jupyter-notebook/,How To Work With Jupyter Notebook - JC Chouinard,"Jupyter Notebook, what it is and how to use it. How to Install and launche Jupyter Notebook? Learn Python by JC Chouinard"
https://www.jcchouinard.com/how-google-evaluates-document-freshness/,How Google Knows if a Document is Fresh? (Determining Document Freshness) - JC Chouinard,"How does Google know if a document if fresh? Better yet, from that knowledge, does Google Search use document freshness in ranking? This article will shed Learn How Google Works by JC Chouinard"
https://www.jcchouinard.com/pycausalimpact/,How to Use Causal Impact in Python (pyCausalImpact) With Examples - JC Chouinard,"Evaluate the results of an SEO experiment on your site using Google Search Console and CausalImpact with Python. In this tutorial, we will learn how to Learn Machine Learning by JC Chouinard"
https://www.jcchouinard.com/train-test-split/,Sklearn.train_test_split in Python (Scikit-learn Examples) - JC Chouinard,"In Python, train_test_split is a function in the model_selection module of the popular machine learning library scikit-learn. This function is used to Learn Machine Learning by JC Chouinard"
https://www.jcchouinard.com/pca-methods-python-sklearn/,Principal Component Analysis (PCA) Methods in Scikit-Learn with Python - JC Chouinard,There are 11 main methods that can be used when working with a principal component analysis object in Python. Here is a table listing all the methods that Learn Machine Learning by JC Chouinard
https://www.jcchouinard.com/regex/,What are Regular Expressions (How to use RegEx) with Examples - JC Chouinard,"In this tutorial, we will learn what regular expressions are and how to use them to process text. What are Regular Expressions (RegEx) Regular Learn Non classé by JC Chouinard"
https://www.jcchouinard.com/google-search-console/,How to use Google Search Console (GSC) - Complete Guide - JC Chouinard,"Google Search Console (GSC), formerly Google Webmaster tools, is a free tool that lets you monitor and debug your site's performance in Google Search Learn Google Search Console by JC Chouinard"
https://www.jcchouinard.com/decision-trees-in-machine-learning/,Decision Trees in Machine Learning (with Python Examples) - JC Chouinard,Decision trees are predictive machine learning models that use simple binary rules to predict the value of a target variable. What is a Decision Tree? A Learn Machine Learning by JC Chouinard
https://www.jcchouinard.com/create-a-github-repository-vscode/,How to Create a Github Repository from VS Code (Example) - JC Chouinard,This post will show you how to create a repository on Github. Learn Git and Github by JC Chouinard
https://www.jcchouinard.com/google-document-scoring-based-on-query-analysis/,Document Scoring Based on Query Analysis - Google Patents SEO - JC Chouinard,"In this post, I will explain the learning from the Google patent titled ""Document scoring based on query analysis"" by Jeffrey Dean, Paul Haahr, Monika Learn How Google Works by JC Chouinard"
https://www.jcchouinard.com/seo-ab-test-python-causalimpact-tag-manager/,SEO Split Test Using Python + CausalImpact + Tag Manager - JC Chouinard,"In this guide, I will provide you with everything you need to set up your own SEO split tests with Python, R, the CausalImpact package and Google Tag Manager. Learn A/B Split Testing by JC Chouinard"
https://www.jcchouinard.com/python-introduction/,Easy Introduction to Python (with Examples) - JC Chouinard,"In this tutorial, we will have a first easy introduction to Python and the basic concepts that you will need to know when getting started. Learn Non classé by JC Chouinard"
https://www.jcchouinard.com/google-api/,How to Connect to Google APIs (with Example) - JC Chouinard,Absolute beginner guide to help you connect to Google APIs. This guide shows you how to connect to Google Analytics API. Learn API by JC Chouinard
https://www.jcchouinard.com/linear-regression/,Linear Regression in Machine Learning (with Python Examples) - JC Chouinard,Linear regression in machine learning is a supervised learning approach in which computer programs try to make predictions on continuous variables. Simply Learn Machine Learning by JC Chouinard
https://www.jcchouinard.com/stratified-sampling-with-google-analytics-python/,Stratified Sampling Using Google Analytics + Python - JC Chouinard,In this guide we will learn how to Extract Google Analytics Data With Python following those steps... Learn A/B Split Testing by JC Chouinard
https://www.jcchouinard.com/keyword-cannibalization-tool-with-python/,Find Keyword Cannibalization Using Google Search Console and Python - JC Chouinard,Natzir Turrado has built a fantastic keyword cannibalization tool for Python to identify possible keyword cannibalization issues using Google Search Console data. Learn Python by JC Chouinard
https://www.jcchouinard.com/google-document-locator/,Google's Document Locator - How Google Search Works - JC Chouinard,"In this series on learning SEO with Google patents, I will explain what the Document Locator is, how it works, and how Google may use it in their Learn How Google Works by JC Chouinard"
https://www.jcchouinard.com/wikipedia-api/,How to use Wikipedia API with Python (with Examples) - JC Chouinard,"In this tutorial, we will use Python to extract data from the Wikipedia API. You will learn how to interact with the API using Python and Requests without Learn other-apis by JC Chouinard"
https://www.jcchouinard.com/ranking-search-results-patent/,"Ranking Search Results, Google patent by Navneet Panda - JC Chouinard","In this article, I will cover some of what I have learned reading the ""Ranking Search Results"" Google patent by Navneet Panda and Vladimir Ofitserov. Learn patents by JC Chouinard"
https://www.jcchouinard.com/git-config/,Setting Up Git For the First Time (git config) - JC Chouinard,"The Git configuration file is used to store the configuration of a git repository. If you have never used Git before, you likely need to set it up. In Learn Getting Started by JC Chouinard"
https://www.jcchouinard.com/linkedin-seo-case-study/,How to Rank Your Linkedin Page On Google (SEO Case Study) - JC Chouinard,How do you help your LinkedIn company page rank higher in Google? Is there a true SEO case study that could help me understand which actions really Learn SEO by JC Chouinard
https://www.jcchouinard.com/google-uses-history-data-in-ranking/,How Google Uses History Data in Ranking (History Component) - JC Chouinard,"In this post, I will explain how Google uses history data to rank documents in search. The learnings come from the patent titled ""Document scoring based Learn How Google Works by JC Chouinard"
https://www.jcchouinard.com/authenticate-to-linkedin-api-using-oauth2/,,
https://www.jcchouinard.com/github-create-and-delete-branches/,Create an Delete a Branch on Github Repository - JC Chouinard,"In this tutorial, we will learn how to easily create or delete branches from a Git Repository on Github. Create and Delete a Git Branch from Github What Learn Learn Git by JC Chouinard"
https://www.jcchouinard.com/version-control/,What is Version Control - JC Chouinard,"A version control system is a tool to help developers manage changes made to files and directories. There are multiple version control systems, but in Learn Git and Version Control Basics by JC Chouinard"
https://www.jcchouinard.com/gitignore-template,,
https://www.jcchouinard.com/pca-feature-explained-variance-plot/,How to Plot the PCA Feature Explained Variance in Python (Scikit-Learn Example) - JC Chouinard,"As part of the series of tutorials on PCA with Python, we will learn how to plot a feature explained variance plot on the Iris dataset. The feature Learn Machine Learning by JC Chouinard"
https://www.jcchouinard.com/create-a-repository-on-github/,How to Create a Repository on Github - JC Chouinard,This post will show you how to create a repository on Github. Learn Learn Git by JC Chouinard
https://www.jcchouinard.com/web-scraping-with-python/,Web Scraping with Python: Complete Guide - JC Chouinard,"In this tutorial, you will learn what web scraping is and how to scrape websites with Python. For this tutorial, you will need to have Python installed. Learn web scraping by JC Chouinard"
https://www.jcchouinard.com/learn-python/,Learn Python Programming (Tutorial) - JC Chouinard,"In order to learn Python for SEO, you need to understand why you should learn Python in the first place. Then, you need to cover the basics. Learn Python Programming by JC Chouinard"
https://www.jcchouinard.com/post-on-twitter-api-with-python/,Post on Twitter API using Tweepy and Python - JC Chouinard,"In this article, you will learn how to make a post on Twitter using Python and the Twitter API. This tutorial is part of the complete guide on the Twitter Learn Twitter by JC Chouinard"
https://www.jcchouinard.com/python-functions/,Python Functions (with Examples) - JC Chouinard,In this Python for Beginners tutorial you will learn what Python functions are and how to create and use them. Learn Python Programming by JC Chouinard
https://www.jcchouinard.com/python-strings/,Python Strings (with Examples) - JC Chouinard,Strings in Python are stored as a str data type. A Python string is a sequence of characters enclosed in single or double quotes. Single-quote: 'hello' Learn Python Programming by JC Chouinard
https://www.jcchouinard.com/tf-idf-on-google-search-console-data/,TF-IDF on Google Search Console Data (Python Examples) - JC Chouinard,"In this tutorial, we will combine the queries extracted from Google Search Console data into TF-IDF word vectors. This tutorial is Part-2 of a series on Learn unsupervised learning by JC Chouinard"
https://www.jcchouinard.com/adwords-api-request/,Request Access to the AdWords API (Simple Guide) - JC Chouinard,"You want to make API calls from Google AdWords API and you are asked to request access. Indeed, as stated on the official Adwords API documentation, you Learn API by JC Chouinard"
https://www.jcchouinard.com/index-coverage-report/,How to use the Index Coverage Report? - JC Chouinard,"The Index Coverage report helps you understand quickly what’s happening with your website. By using the index coverage report, you can understand which Learn Google Search Console by JC Chouinard"
https://www.jcchouinard.com/technical-seo-audit/,How to Make a Killer Technical SEO Audit (with Example) - JC Chouinard,"How to identify and fix technical SEO issues to improve your organic traffic. Forget technical SEO templates. When it comes to technical audits, there is Learn SEO by JC Chouinard"
https://www.jcchouinard.com/projects-and-resources-to-learn-python-seo/,Python Projects for SEO (Best Resources) - JC Chouinard,"If you are keen to learn Python, here are a few project ideas and Python learning resources to help you improve your Python skills. Make sure that you Learn Python by JC Chouinard"
https://www.jcchouinard.com/dns-domain-verification-in-google-search-console/,How to Verify Domain Ownership via DNS record in Google Search Console - JC Chouinard,Google Search Console allows validating your site at a domain level in a way that includes all versions of your site (https/http/www./m.). Google Search Learn Google Search Console by JC Chouinard
https://www.jcchouinard.com/search-results-annotations-at-google/,Search Results Annotations at Google - JC Chouinard,Google search results go way beyond the regular 10 blue links. Ever wondered how the enrichments (or snippets) are displayed in search engine results? In Learn How Google Works by JC Chouinard
https://www.jcchouinard.com/how-to-use-twitter-api-with-python/,Authenticate the Twitter API with Python Example (Tweepy) - JC Chouinard,"In this tutorial, you will learn how to authenticate the Twitter API using Python and Tweepy. This tutorial is part of the complete guide on the Twitter Learn Python by JC Chouinard"
https://www.jcchouinard.com/google-escape-hatch/,What is the Escape Hatch in Google Search (Showing results for… search instead…) - JC Chouinard,"The escape hatch is the ""search instead"" link offered in the ""showing results for..."" module to allow users in Google to show search results for their Learn how google work by JC Chouinard"
https://www.jcchouinard.com/learn-shell/,Learn Shell for Data Science (Command-line/Terminal) - JC Chouinard,"Learning the Unix shell, also known as command-line interface (CLI), command prompt or terminal, is beneficial for data scientists because it allows Learn Non classé by JC Chouinard"
https://www.jcchouinard.com/random-user-agent-with-python-and-beautifulsoup/,Random User-Agent With Python and BeautifulSoup (by JR Oakes) - JC Chouinard,How to use random user-agents when extracting information when using Beautifulsoup to grab the internal links for a web page. Learn Python by JC Chouinard
https://www.jcchouinard.com/install-python-on-windows/,How to Install Python on Windows 10 (with VIDEO example) - JC Chouinard,"In this tutorial, I will demonstrate how to install Python on Windows 10. Make sure that you follow each step without skipping ahead. Installing Python Learn Non classé by JC Chouinard"
https://www.jcchouinard.com/send-message-with-slack-api-and-python/,Send Message With Slack API and Python - JC Chouinard,"It is time to send your first message using the Slack API and Python. Sending a message is very simple, even for Python beginners. I will show you the Learn Python by JC Chouinard"
https://www.jcchouinard.com/deploy-a-flask-app-on-heroku/,Deploy a Flask App on Heroku - JC Chouinard,"Heroku lets you deploy a Flask app online for free. This is a fantastic option to test dev environments, to make SEO tests in Google Search Console or to Learn Non classé by JC Chouinard"
https://www.jcchouinard.com/flickr-api-with-python/,How to use Flickr API with Python (Example) - JC Chouinard,Welcome to this tutorial where we will learn how to use the Flickr API with Python. Documentation What is the Flickr API Flickr has an API (short for Learn API by JC Chouinard
https://www.jcchouinard.com/how-to-get-google-search-console-api-keys/,How to Get Google Search Console API Keys (with Example) - JC Chouinard,You want to be able to use Google Search Console API but know nothing about Google APIs? This beginner guide will show you how to get your Google Search Learn Google Search Console by JC Chouinard
https://www.jcchouinard.com/python-sets/,Python Sets (Python for Beginners) - JC Chouinard,"Sets in Python are one of the 4 data types used to store collections of data: dictionaries, lists, sets, tuples. Sets can be defined using the curly Learn Python Programming by JC Chouinard"
https://www.jcchouinard.com/facebook-graph-api-get-access-token/,Facebook Graph API: Get Access Token - JC Chouinard,"The first step to being able to use the Facebook Graph API is to get your access token. In this post, we will look at all the steps you need to get a Learn Facebook by JC Chouinard"
https://www.jcchouinard.com/css-selectors-for-web-scraping/,Web Scraping with CSS Selectors (with Python Examples) - JC Chouinard,"In this tutorial, you will learn what CSS Locators are and how to leverage CSS Selectors in web scraping. CSS Selectors allow you to locate exact elements Learn web scraping by JC Chouinard"
https://www.jcchouinard.com/recrawl-extracted-urls-screaming-frog/,Recrawl URLs Extracted with Screaming Frog (using Python) - JC Chouinard,This tutorial is for you that wants to crawl a website with Screaming Frog and extract more URLs from those pages to be recrawled. Learn SEO by JC Chouinard
https://www.jcchouinard.com/google-search-console-data-from-a-list-of-urls/,Google Search Console Data From a List of URLs (GSC API) - JC Chouinard,"With this Python script, I will show you how to extract Google Search Console data from a list of URLs. This is the perfect solution to get GSC data from Learn Python by JC Chouinard"
https://www.jcchouinard.com/linkedin-api-oauth-credentials/,LinkedIn API: How to Get Your OAuth Credentials (with Example) - JC Chouinard,"The first step to use the LinkedIn API is to create an app in the LinkedIn Developer Tool. In this tutorial, we will see how you can get your OAuth 2.0 Learn LinkedIn by JC Chouinard"
https://www.jcchouinard.com/robots-txt-parsing-with-python/,Parse Robots.txt to a DataFrame with Python - JC Chouinard,"In this post, I will show you how to parse a Robots.txt file and save it to Pandas Dataframe using Python. The full code is available at the end of this Learn Python by JC Chouinard"
https://www.jcchouinard.com/job-industry-seo/,Job Industry SEO - JC Chouinard,"Job search in Google's job search engine (also known as Google for Jobs) isn't exactly the same as their regular search engine. In fact, Google even has a Learn Google For Jobs by JC Chouinard"
https://www.jcchouinard.com/get-user-information-using-linkedin-api/,,
https://www.jcchouinard.com/python-variables/,Python Variables (Python for Beginners) - JC Chouinard,"In Python programming, a variable is a container that stores data values. https://www.youtube.com/watch?v=GvhJu420cwU Creating a Variable in Python # Learn Python Programming by JC Chouinard"
https://www.jcchouinard.com/python-pca-biplots-machine-learning/,How to Make PCA Biplots in Python (with Examples) - JC Chouinard,"A PCA biplot is a specific type of biplot created using Principal Component Analysis (PCA). In this PCA with python tutorial, we will learn how to plot a Learn Machine Learning by JC Chouinard"
https://www.jcchouinard.com/web-scraping-google-with-apify/,How to Scrape Google without Getting Blocked (for FREE) Example - JC Chouinard,"In this tutorial, I will show you how to scrape Google Search Results using Apify. Here is an example where I scraped 5 keywords for 0.02$. Get FREE Apify Learn web scraping by JC Chouinard"
https://www.jcchouinard.com/googles-encoding-decoding-systems/,Google's Encoding and Decoding Systems (What they are and How they Work) - JC Chouinard,"In this series on learning SEO with Google patents, I will explain what the Encoding and Decoding systems are, how they works, and how Google may use them Learn How Google Works by JC Chouinard"
https://www.jcchouinard.com/a-year-in-review/,2020. A Year in Review (All that I have missed) - JC Chouinard,"What Google, Facebook, Reddit, Twitter, YouTube and Tiktok have in common? Guess what. People have talked about Covid-19, Black Lives Matter and Kobe Learn Non classé by JC Chouinard"
https://www.jcchouinard.com/git-clone-github-repository-vscode/,How to Clone a Github Repository with VS Code (Example) - JC Chouinard,"Visual Studio Code (VSCode) is a code editor that helps you to develop, run and debug code with built-in syntax highlighting, code completion and commit Learn Git and Github by JC Chouinard"
https://www.jcchouinard.com/ide/,What are Integrated Development Environments (IDE) and Why Use Them? - JC Chouinard,Integrated development environments (IDE) are used by developers to improve their computer programming workflow through the use of multiple integrated Learn Web dev by JC Chouinard
https://www.jcchouinard.com/http-requests/,What are HTTP Requests - JC Chouinard,"In this article, we will learn what HTTP Requests are, and how you can leverage them in SEO, web scraping and building web applications. Understanding how Learn Web dev by JC Chouinard"
https://www.jcchouinard.com/install-python/,"How to Install Python (MacOS, Windows and Linux) - JC Chouinard","In this Python for Beginners tutorial chapter, you will learn how to install Python on MacOS and Windows. For each, we will look at the installation Learn Python Programming by JC Chouinard"
https://www.jcchouinard.com/post-on-reddit-api-with-python-praw/,How to Post on Reddit API with Python (PRAW example) - JC Chouinard,"In this post, we will see how to post to a subreddit using the PRAW wrapper for the Reddit API. Learn Reddit by JC Chouinard"
https://www.jcchouinard.com/performance-report-in-google-search-console/,How to use the Performance Report in Google Search Console (GSC Example) - JC Chouinard,The performance report in Google Search Console provides key metrics on traffic and rankings.  It’s the perfect way to follow up with your ranking Learn Google Search Console by JC Chouinard
https://www.jcchouinard.com/google-classifying-search-results/,Classifying Search Results - Google Patents SEO - JC Chouinard,"In this series on learning SEO with Google patents, I will cover some of what I have learned reading the Google patent titled ""Classifying Search Results"" Learn patents by JC Chouinard"
https://www.jcchouinard.com/documentation-on-reddit-apis-json/,Reddit API's JSON Documentation (How to Parse JSON): with and without Python - JC Chouinard,Translating the Reddit API JSON documentation for humans with code example simple data structure. Learn Reddit by JC Chouinard
https://www.jcchouinard.com/how-google-selects-the-most-representative-image/,How Google Selects the Most Representative Image of a Set - JC Chouinard,"In this post, I will cover some of what I have learned reading the Google patent titled ""Selection of an Image or Images Most Representative of a Set of Learn How Google Works by JC Chouinard"
https://www.jcchouinard.com/how-to-use-google-search-console-api-with-r/,How to use Google Search Console API with R - JC Chouinard,"Automation is a big hub in SEO and R is one of the greatest tools to help you do just that. But first, you need to be able to understand how to collect Learn Google Search Console by JC Chouinard"
https://www.jcchouinard.com/linkedin-api-how-to-post/,How to Post on LinkedIn API With Python (example) - JC Chouinard,"In this tutorial, we will learn how to use the LinkedIn API and Python to make a text post, a link post, and a link post with a mention to a company page. Learn Python by JC Chouinard"
https://www.jcchouinard.com/python-data-types/,Python Data Types (with Examples) - JC Chouinard,"In Python programming, a data type is the classification of data that defines the possible operations that can be done on the object. Python has various Learn Python Programming by JC Chouinard"
https://www.jcchouinard.com/de-duplication-at-google-using-the-aged-of-portions-in-a-document/,De-Duplication at Google: Using the aged of Portions in a Document - JC Chouinard,"How does Google know if two documents are duplicate when portions of the document change at a high rate? The patent titled ""Updating search engine Learn How Google Works by JC Chouinard"
https://www.jcchouinard.com/sklearn-datasets-iris/,How to Load the Iris Dataset in Pandas DataFrame with Python (Sklearn Example) - JC Chouinard,"To lead the iris dataset in a Pandas DataFrame with Scikit-Learn and Python, use the load_iris() function from the sklearn.datasets module. Here is how to Learn Non classé by JC Chouinard"
https://www.jcchouinard.com/get-all-keywords-with-search-console-api/,Get All Your Search traffic With Google Search Console API (With Code Sample) - JC Chouinard,This post will show you how you can automatically extract all your search traffic and all your keywords from Google Webmaster Tool using Python and the Google Search Console API Learn Google Search Console by JC Chouinard
https://www.jcchouinard.com/data-visualization-in-python/,Data Visualization in Python - JC Chouinard,"Data visualization is critical for data analysis. Without it, it is challenging, or sometimes even impossible to share insights on your data. In this Learn data visualization by JC Chouinard"
https://www.jcchouinard.com/pca-plot-2d-pca-graph-python/,How to Plot a 2D PCA Scatterplot (with Python Example) - JC Chouinard,"As part of the series of tutorials on PCA with Python, we will learn how to plot a 2D PCA graph (scatter plot) on the Iris Dataset with Python, Learn Machine Learning by JC Chouinard"
https://www.jcchouinard.com/install-python-with-anaconda-on-windows/,The 10-Step Guide To Install Python With Anaconda [On Windows] - JC Chouinard,"How to install python on Windows using Anaconda. With this guide, you’ll have everything you need to install Anaconda and get started with Python. Learn Coding by JC Chouinard"
https://www.jcchouinard.com/visualize-gsc-with-python-plotly-and-machine-learning/,Boost Your SEO with Machine Learning: A Guide to GSC Using Python and Plotly - JC Chouinard,Search engine optimization (SEO) is critical for any website hoping to rank well in search engine results pages (SERPs). One way to improve your SEO is to Learn Python by JC Chouinard
https://www.jcchouinard.com/why-learn-python-for-seo-by-elias-dabbas/,Why Learn Python for SEO (By Elias Dabbas) - JC Chouinard,"Why learn Python? Learning programming and data science is obviously good and gets you productive, but you have to put the effort to make it happen. As an Learn Python by JC Chouinard"
https://www.jcchouinard.com/python-pip-list-installed-modules,,
https://www.jcchouinard.com/python-pickle/,How to Use Python Pickle (With Examples) - JC Chouinard,Pickle python module is used to serialize (pickle) python objects to bytes and de-serialize those bytes back to objects. It is very useful as it keeps the Learn Python by JC Chouinard
https://www.jcchouinard.com/what-is-a-document-for-google/,,
https://www.jcchouinard.com/10-reasons-to-use-cloudflare-on-your-website/,10 reasons to use Cloudflare on your website - JC Chouinard,"A slow page load time can have a significant impact on your website visitors. In fact, according to Google, 53% of your visitors are likely to leave your Learn Pagespeed by JC Chouinard"
https://www.jcchouinard.com/debugging-javascript/,Debugging JavaScript - JC Chouinard,"Debugging is the worst part of JavaScript for some, and the best part for others. One thing is sure though, it is an inevitable challenge for contenders Learn JavaScript by JC Chouinard"
https://www.jcchouinard.com/what-is-rendering-for-google/,What is Rendering (how Googlebot Renders a Web Page) ? - JC Chouinard,This post is for technical SEOs that want to understand how Googlebot renders a website. I will help you understand what is rendering and show you in Learn SEO by JC Chouinard
https://www.jcchouinard.com/buying-expired-domain-for-seo/,Buying Expired Domain For SEO (What to Expect?) - SEO Myth Tested - JC Chouinard,Many SEO bloggers preach for the acquisition of organic traffic by acquiring expired domains. Is it working? Not so sure! Disclaimer: This is only one Learn SEO by JC Chouinard
https://www.jcchouinard.com/cloudflare-workers-for-pagespeed/,Create a Cloudflare Worker for PageSpeed - JC Chouinard,"With Core Web Vitals coming up as a ranking factor in Google, I have decided to tackle the lighthouse performance. What finally worked is to use a Learn Pagespeed by JC Chouinard"
https://www.jcchouinard.com/read-rss-feed-with-python/,Read RSS Feed with Python and Beautiful Soup - JC Chouinard,"You can read RSS feeds with Python using requests and BeautifulSoup (bs4). Getting Started Install Required Libraries In your Terminal, install the lxml, Learn Python by JC Chouinard"
https://www.jcchouinard.com/how-to-post-on-linkedin-api-with-python/,,
https://www.jcchouinard.com/pagination-seo/,Pagination SEO - JC Chouinard,"When Google announced that they no longer supported rel=""next"" and rel=""prev"", it caused a lot of turmoil in the SEO industry about what we should do with Learn SEO by JC Chouinard"
https://www.jcchouinard.com/how-to-set-up-a-project-in-ahrefs/,How to Set-up a Project in Ahrefs - JC Chouinard,Ahrefs is an amazing Technical SEO tool to spot issues on your website and track rankings for your keywords. Let's see how you can set-up a new project in Learn SEO by JC Chouinard
https://www.jcchouinard.com/seo-technical-audit-checklist/,SEO Technical Audit Checklist - JC Chouinard,Technical SEO checklist for beginners and advanced SEOs that don't want to forget basics when doing a technical SEO audit. What to Audit?How to check?Is Learn SEO by JC Chouinard
https://www.jcchouinard.com/python-pip-install-requirements-txt,,
https://www.jcchouinard.com/understand-data-layers/,Understand Google Tag Manager Data Layers - JC Chouinard,"What are Data Layers? How do they work in Google Tag Manager? How to use data layers? When you start getting really serious with Google Tag Manager, you Learn Analytics by JC Chouinard"
https://www.jcchouinard.com/seo-with-google-tag-manager/,Incredible SEO Tasks you can do With Google Tag Manager - JC Chouinard,"Google Tag Manager is a fantastic tool to give SEOs the flexibility to test SEO modifications to stuff like meta descriptions, structured data, and Learn Analytics by JC Chouinard"
https://www.jcchouinard.com/seo-for-beginners/,SEO for Beginners【2021 update】 - JC Chouinard,You start in SEO and want to rank your website in Google? This is the complete guide to start your own SEO strategy in 2021. You'll find in this post Learn SEO by JC Chouinard
https://www.jcchouinard.com/generate-dummy-data-with-python/,Generate Dummy Data With Python - JC Chouinard,Creating a dummy dataset in Python is often useful to test functions without searching for a real dataset. Here are a few ways to generate fake data in Learn Python by JC Chouinard
https://www.jcchouinard.com/gsc-api-with-python/,,
https://www.jcchouinard.com/sentiment-analysis-with-textblob/,"Sentiment Analysis with Python, BeautifulSoup and TextBlob - JC Chouinard","In this data science tutorial, we will learn sentiment analysis using Python, BeautifulSoup and TextBlob by building a 9 am real-time report for Editors. Learn Python by JC Chouinard"
https://www.jcchouinard.com/linkedin-api-oauth-credentials,,
https://www.jcchouinard.com/30-days-of-pandas/,,
https://www.jcchouinard.com/best-seo-posts/,Best SEO Posts of 2020 (with some Python) - JC Chouinard,2020 has been a big year. Here is a collection of the best SEO posts that I have read in 2020. Best SEO Posts in 2020 Google Entity Carousels: How to Earn Learn SEO by JC Chouinard
https://www.jcchouinard.com/ab-split-testing-resources/,A/B Split Testing Resources and Blog Posts to Help With SEO - JC Chouinard,"Ever since I have heard about Distilled's SEO Split Testing Platform, I have been obsessed with the idea to replicate this tool. I have read every post I Learn SEO by JC Chouinard"
https://www.jcchouinard.com/tf-idf/,TF-IDF in Python (Scikit-learn Example) - Term frequency-inverse document frequency - JC Chouinard,"TF-IDF, or term frequency-inverse document frequency, is a statistical measure used in Natural Language Processing and Information Retrieval that Learn Machine Learning by JC Chouinard"
https://www.jcchouinard.com/pandas-excel/,,
https://www.jcchouinard.com/install-google-optimize-with-tag-manager/,How To Install Google Optimize With Tag Manager (with Example) - JC Chouinard,This easy tutorial will show you the steps to install Google Optimize with Google Tag Manager. (even if you are an absolute beginner) What we are going to Learn Analytics by JC Chouinard
https://www.jcchouinard.com/how-to-become-an-seo-analyst/,,
https://www.jcchouinard.com/sustainable-web/,A Guide to Building a Sustainable Web - JC Chouinard,"A guide to creating a sustainable website. In this tutorial, we will look at the most important changes that you can do to create an eco-friendly website. Learn Sustainability by JC Chouinard"
https://www.jcchouinard.com/document-scoring-based-on-query-analysis/,,
https://www.jcchouinard.com/9-am-real-time-report-for-editors/,,
https://www.jcchouinard.com/low-hanging-fruits-seo-reports-data-studio/,Low-hanging fruits Reports with Search Console and Data Studio - JC Chouinard,Data studio and Search Console are valuable tools to identify low hanging fruits optimisations. We’ll show multiple reports that you can use to find quick Learn Google Data Studio by JC Chouinard