Topic,Count
python,278
machine learning,78
tutorial,72
seo,67
google,39
post,35
google search console,27
github,25
data,23
git,23
web scraping,22
scikit,17
python programming,16
uncategorized,16
pca,16
complete,16
windows,15
api,15
step,14
website,12
article,12
series,12
python examples,12
google search console api,12
twitter api,12
google patent,11
linkedin api,10
reddit api,10
page,9
measure,9
document,9
technical seo,8
code,8
file,8
macos,8
vscode,8
web page,8
list,8
google tag manager,8
blog,7
use,7
wget,7
way,7
principal component analysis,7
sql,7
github repository,7
vs code,7
beautifulsoup,7
unsupervised learning,7
collection,7
selenium,7
google search console data,7
web development jean christophe,6
seo sem expert,6
quebec city,6
technical seo tutorial,6
specialized,6
jcchouinard.com,6
programmatic seo,6
large organization,6
url,6
video,6
credential,6
introduction,6
data science,6
repository,6
regex,6
order,6
patent,6
supervised learning,6
reddit,6
site,6
gsc,6
user,5
linkedin,5
web,5
welcome,5
python script,5
visual studio code,5
statistic,5
summary statistics,5
summary statistic,5
web dev,5
jean christophe page,5
computer,5
python tutorial,5
pagespeed,5
lot,5
slack api,5
xpath,5
pip,5
iris dataset,5
basic,5
exception,4
free tool,4
application programming interface,4
terminal,4
linux,4
mysql,4
xampp,4
