topic,url
python,https://www.jcchouinard.com/python-automation-using-task-scheduler/
python,https://www.jcchouinard.com/create-python-script-from-terminal/
python,https://www.jcchouinard.com/python-for-seo/
python,https://www.jcchouinard.com/python-pip-list-installed-modules/
python,https://www.jcchouinard.com/google-colab-with-python/
python,https://www.jcchouinard.com/python-pca-biplots-machine-learning/
python,https://www.jcchouinard.com/wikidata-api-python/
python,https://www.jcchouinard.com/python-automation-with-cron-on-mac/
python,https://www.jcchouinard.com/web-scraping-with-beautifulsoup-in-python/
python,https://www.jcchouinard.com/python-pickle/
seo,https://www.jcchouinard.com/python-for-seo/
seo,https://www.jcchouinard.com/seo-cannibalization-analysis-python-example-tutorial/
seo,https://www.jcchouinard.com/regex-for-seo/
seo,https://www.jcchouinard.com/python-seo-keyword-clustering/
seo,https://www.jcchouinard.com/learn-selenium-python-seo-automation/
seo,https://www.jcchouinard.com/google-patents-for-seo/
seo,https://www.jcchouinard.com/pagination-seo/
seo,https://www.jcchouinard.com/get-bert-score-for-seo-by-pierre-rouarch/
seo,https://www.jcchouinard.com/chrome-devtools-commands-for-seo/
seo,https://www.jcchouinard.com/why-learn-python-for-seo/
google search console,https://www.jcchouinard.com/sitemap-could-not-be-read-couldnt-fetch-in-google-search-console/
google search console,https://www.jcchouinard.com/google-search-console-api/
google search console,https://www.jcchouinard.com/regex-in-google-search-console/
google search console,https://www.jcchouinard.com/upload-sitemaps-gsc-api/
google search console,https://www.jcchouinard.com/dns-domain-verification-in-google-search-console/
google search console,https://www.jcchouinard.com/google-search-console-api-oauth-authentication/
google search console,https://www.jcchouinard.com/google-search-console-api-with-python/
google search console,https://www.jcchouinard.com/visualize-gsc-with-python-plotly-and-machine-learning/
google search console,https://www.jcchouinard.com/how-to-get-google-search-console-api-keys/
google search console,https://www.jcchouinard.com/google-search-console-data-from-a-list-of-urls/
API,https://www.jcchouinard.com/reddit-api/
API,https://www.jcchouinard.com/wikidata-api-python/
API,https://www.jcchouinard.com/wordpress-api-with-python/
API,https://www.jcchouinard.com/wikipedia-api/
API,https://www.jcchouinard.com/google-search-console-api/
API,https://www.jcchouinard.com/linkedin-api/
API,https://www.jcchouinard.com/google-url-inspection-api-with-python/
API,https://www.jcchouinard.com/documentation-on-reddit-apis-json/
API,https://www.jcchouinard.com/linkedin-api-how-to-post/
API,https://www.jcchouinard.com/post-to-groups-using-facebook-graph-api-python/
scikit-learn,https://www.jcchouinard.com/sklearn-datasets-iris/
scikit-learn,https://www.jcchouinard.com/confusion-matrix-in-scikit-learn/
scikit-learn,https://www.jcchouinard.com/classification-report-in-scikit-learn/
scikit-learn,https://www.jcchouinard.com/preprocessing-in-scikit-learn/
scikit-learn,https://www.jcchouinard.com/scikit-learn/
scikit-learn,https://www.jcchouinard.com/scikit-learn-gridsearchcv-in-python/
scikit-learn,https://www.jcchouinard.com/classification-machine-learning-project-in-scikit-learn/
scikit-learn,https://www.jcchouinard.com/pca-methods-python-sklearn/
machine learning,https://www.jcchouinard.com/python-pca-biplots-machine-learning/
machine learning,https://www.jcchouinard.com/model-evaluation-in-machine-learning/
machine learning,https://www.jcchouinard.com/machine-learning-vs-ai-deep-learning/
machine learning,https://www.jcchouinard.com/decision-trees-in-machine-learning/
machine learning,https://www.jcchouinard.com/machine-learning-curse-of-dimensionality/
machine learning,https://www.jcchouinard.com/visualize-gsc-with-python-plotly-and-machine-learning/
machine learning,https://www.jcchouinard.com/classification-in-machine-learning/
machine learning,https://www.jcchouinard.com/classification-machine-learning-project-in-scikit-learn/
machine learning,https://www.jcchouinard.com/regression-in-machine-learning/
machine learning,https://www.jcchouinard.com/boosting-in-machine-learning/
git,https://www.jcchouinard.com/install-git-in-vscode/
git,https://www.jcchouinard.com/clone-github-repository-on-windows/
git,https://www.jcchouinard.com/create-your-first-github-project-in-vscode/
git,https://www.jcchouinard.com/gitignore-vscode/
git,https://www.jcchouinard.com/github-vscode-2fa-personal-access-token/
git,https://www.jcchouinard.com/add-a-file-to-github-with-git-bash/
git,https://www.jcchouinard.com/gitignore-template/
git,https://www.jcchouinard.com/git-clone-command/
git,https://www.jcchouinard.com/git-clone-github-repository-vscode/
git,https://www.jcchouinard.com/github-forks-and-pull-requests/
web scraping,https://www.jcchouinard.com/best-websites-for-web-scraping/
web scraping,https://www.jcchouinard.com/web-scraping-with-beautifulsoup-in-python/
web scraping,https://www.jcchouinard.com/web-scraping-with-python-and-requests-html/
web scraping,https://www.jcchouinard.com/selenium-install-web-driver/
web scraping,https://www.jcchouinard.com/web-scraping-with-playwright-and-node-js/
web scraping,https://www.jcchouinard.com/css-selectors-for-web-scraping/
web scraping,https://www.jcchouinard.com/github-forks-and-pull-requests/
web scraping,https://www.jcchouinard.com/xpath-for-web-scraping/
web scraping,https://www.jcchouinard.com/web-scraping-linkedin-jobs/
web scraping,https://www.jcchouinard.com/web-scraping/
google,https://www.jcchouinard.com/google-colab-with-python/
google,https://www.jcchouinard.com/google-image-search-engine/
google,https://www.jcchouinard.com/google-lexicon-generator/
google,https://www.jcchouinard.com/what-is-rendering-for-google/
google,https://www.jcchouinard.com/google-url-removal-request-automation-bookmarklet/
google,https://www.jcchouinard.com/google-patents-for-seo/
google,https://www.jcchouinard.com/google-image-display-within-web-results/
google,https://www.jcchouinard.com/how-to-scrape-google-using-xpath/
google,https://www.jcchouinard.com/googles-encoding-decoding-systems/
google,https://www.jcchouinard.com/google-multi-stage-query-processing/
